ticket_id,created_at,first_response_at,resolved_at,status,channel,customer_id,order_id,product_sku,category,priority,assigned_team,agent_id,transfers,csat_score,refund_amount_inr,refund_reason_code,replacement_issued,customer_message,agent_notes,source_system
DEMO-1,2026-04-02 10:00,2026-04-02 10:05,2026-04-02 12:00,resolved,chat,DEMO-C1,DEMO-O1,DEMO-S1,Other,Normal,Billing,DEMO-A3,1,4,,,N,Payment successful but order not delivered,Payment successful but order not delivered resolved after review,helpdesk
DEMO-2,2026-05-02 10:00,2026-05-02 10:05,2026-05-02 12:00,resolved,chat,DEMO-C1,DEMO-O1,DEMO-S1,Other,Normal,Billing,DEMO-A0,0,4,,,N,Money debited but order not showing,Money debited but order not showing resolved after review,helpdesk
DEMO-3,2026-06-02 10:00,2026-06-02 10:05,2026-06-02 12:00,resolved,chat,DEMO-C1,DEMO-O1,DEMO-S1,Other,Normal,Billing,DEMO-A4,1,4,,,N,Still waiting for my refund,Still waiting for my refund resolved after review,helpdesk
DEMO-4,2026-04-02 10:00,2026-04-02 10:05,2026-04-02 12:00,resolved,chat,DEMO-C1,DEMO-O1,DEMO-S1,Other,Normal,Chat Frontline,DEMO-A1,0,4,,,N,Bluetooth keeps cutting out,Bluetooth keeps cutting out resolved after review,helpdesk
DEMO-5,2026-05-02 10:00,2026-05-02 10:05,2026-05-02 12:00,resolved,chat,DEMO-C1,DEMO-O1,DEMO-S1,Other,Normal,Chat Frontline,DEMO-A1,0,4,,,N,Battery drains very fast,Battery drains very fast resolved after review,helpdesk
DEMO-6,2026-06-02 10:00,2026-06-02 10:05,2026-06-02 12:00,resolved,chat,DEMO-C1,DEMO-O1,DEMO-S1,Other,Normal,Chat Frontline,DEMO-A1,0,4,,,N,Firmware update is stuck,Firmware update is stuck resolved after review,helpdesk
DEMO-7,2026-04-02 10:00,2026-04-02 10:05,2026-04-02 12:00,resolved,chat,DEMO-C1,DEMO-O1,DEMO-S1,Other,Normal,Billing,DEMO-A0,0,4,,,N,Please share invoice with GST number,Please share invoice with GST number resolved after review,helpdesk
DEMO-8,2026-05-02 10:00,2026-05-02 10:05,2026-05-02 12:00,resolved,chat,DEMO-C1,DEMO-O1,DEMO-S1,Other,Normal,Chat Frontline,DEMO-A1,0,4,,,N,Cannot log in OTP never arrives,Cannot log in OTP never arrives resolved after review,helpdesk
DEMO-9,2026-06-02 10:00,2026-06-02 10:05,2026-06-02 12:00,resolved,chat,DEMO-C1,DEMO-O1,DEMO-S1,Other,Normal,Billing,DEMO-A0,0,4,,,N,Want to cancel my order,Want to cancel my order resolved after review,helpdesk
DEMO-10,2026-04-02 10:00,2026-04-02 10:05,2026-04-02 12:00,resolved,chat,DEMO-C1,DEMO-O1,DEMO-S1,Other,Normal,Escalations & Warranty,DEMO-A2,0,4,,,N,No update on my repair,No update on my repair resolved after review,helpdesk
DEMO-11,2026-05-02 10:00,2026-05-02 10:05,2026-05-02 12:00,resolved,chat,DEMO-C1,DEMO-O1,DEMO-S1,Other,Normal,Chat Frontline,DEMO-A1,0,4,,,N,Will this survive a shower,Will this survive a shower resolved after review,helpdesk
DEMO-12,2026-06-02 10:00,2026-06-02 10:05,2026-06-02 12:00,resolved,chat,DEMO-C1,DEMO-O1,DEMO-S1,Other,Normal,Chat Frontline,DEMO-A1,0,4,,,N,Purple banana tomorrow,Purple banana tomorrow resolved after review,helpdesk
